measurement_id,person_id,measurement_concept_id,measurement_date,measurement_datetime,measurement_time,measurement_type_concept_id,operator_concept_id,value_as_number,value_as_concept_id,unit_concept_id,range_low,range_high,provider_id,visit_occurrence_id,visit_detail_id,measurement_source_value,measurement_source_concept_id,unit_source_value,value_source_value,data_partner_id,filename,cfg_name
2894526020819921,,3038553,2009-05-16,2009-05-16 10:00:00,,32827,0,26.4,,,,,,,,39156-5|2.16.840.1.113883.6.1,,kg/m2,None|None|None|None|None|None|26.4|,,Patient-502.xml,MEASUREMENT-from-vital_signs_organizer_observation
3688798212500869,,3012888,2009-05-16,2009-05-16 10:00:00,,32827,0,100.0,,,,,,,,8462-4|2.16.840.1.113883.6.1,,mm[Hg],None|None|None|None|None|None|100|,,Patient-502.xml,MEASUREMENT-from-vital_signs_organizer_observation
3224501793376086,,3004249,2009-05-16,2009-05-16 10:00:00,,32827,0,155.0,,,,,,,,8480-6|2.16.840.1.113883.6.1,,mm[Hg],None|None|None|None|None|None|155|,,Patient-502.xml,MEASUREMENT-from-vital_signs_organizer_observation
1430033447885170,,3038553,2010-04-14,2010-04-14 10:00:00,,32827,0,26.1,,,,,,,,39156-5|2.16.840.1.113883.6.1,,kg/m2,None|None|None|None|None|None|26.1|,,Patient-502.xml,MEASUREMENT-from-vital_signs_organizer_observation
1251849354807537,,3012888,2010-04-14,2010-04-14 10:00:00,,32827,0,85.0,,,,,,,,8462-4|2.16.840.1.113883.6.1,,mm[Hg],None|None|None|None|None|None|85|,,Patient-502.xml,MEASUREMENT-from-vital_signs_organizer_observation
2071275784444022,,3004249,2010-04-14,2010-04-14 10:00:00,,32827,0,135.0,,,,,,,,8480-6|2.16.840.1.113883.6.1,,mm[Hg],None|None|None|None|None|None|135|,,Patient-502.xml,MEASUREMENT-from-vital_signs_organizer_observation
770631431969418,,3038553,2010-09-15,2010-09-15 10:00:00,,32827,0,25.8,,,,,,,,39156-5|2.16.840.1.113883.6.1,,kg/m2,None|None|None|None|None|None|25.8|,,Patient-502.xml,MEASUREMENT-from-vital_signs_organizer_observation
3063439313678167,,3012888,2010-09-15,2010-09-15 10:00:00,,32827,0,75.0,,,,,,,,8462-4|2.16.840.1.113883.6.1,,mm[Hg],None|None|None|None|None|None|75|,,Patient-502.xml,MEASUREMENT-from-vital_signs_organizer_observation
2797519711180018,,3004249,2010-09-15,2010-09-15 10:00:00,,32827,0,120.0,,,,,,,,8480-6|2.16.840.1.113883.6.1,,mm[Hg],None|None|None|None|None|None|120|,,Patient-502.xml,MEASUREMENT-from-vital_signs_organizer_observation
